Model,Train R²,Test R²,Test MAE,Test RMSE
Linear Regression,0.9838073044742531,0.8336742708120632,8.08820080128883,25.022674222348467
Random Forest,0.9821477517079169,0.9224194262020224,7.408836299054386,17.089544896239918
XGBoost,0.9998816967286961,0.8719274350878476,9.408966816079946,21.95745782778754
